"Nama","Email","Telepon","Perusahaan","Sumber","Status","Consent","Interaksi Terakhir","Dibuat"
"Dewi Fiktif","dewi.fiktif04@example.test","0812-0000-0004","PT Contoh Abadi","inquiry","active","implied","2026-01-15T10:03:00.000Z","2026-01-15T10:03:00.000Z"
"Galih Contoh","galih.contoh@example.test","0812-0000-0103","","whatsapp_lead","active","implied","2026-01-15T10:02:00.000Z","2026-01-15T10:02:00.000Z"
"Andi Contoh","andi.contoh03@example.test","0812-0000-0003","","inquiry","active","explicit","2026-01-15T10:02:00.000Z","2026-01-15T10:02:00.000Z"
"Salsa Fiktif","salsa.fiktif@example.test","0812-0000-0102","","whatsapp_lead","active","implied","2026-01-15T10:01:00.000Z","2026-01-15T10:01:00.000Z"
"Sinta Fiktif","sinta.fiktif02@example.test","0812-0000-0002","CV Fiktif Jaya","inquiry","active","implied","2026-01-15T10:01:00.000Z","2026-01-15T10:01:00.000Z"
"Manual Dua","manual.dua@example.test","0812-0000-0212","","manual","blocked","unknown","2026-01-15T10:00:00.000Z","2026-01-15T10:00:00.000Z"
"Manual Satu","manual.satu@example.test","0812-0000-0211","","manual","blocked","unknown","2026-01-15T10:00:00.000Z","2026-01-15T10:00:00.000Z"
"Impor Tiga","impor.tiga@example.test","0812-0000-0203","","manual_import","unsubscribed","unknown","2026-01-15T10:00:00.000Z","2026-01-15T10:00:00.000Z"
"Impor Dua","impor.dua@example.test","0812-0000-0202","CV Contoh Impor","manual_import","unsubscribed","explicit","2026-01-15T10:00:00.000Z","2026-01-15T10:00:00.000Z"
"Impor Satu","impor.satu@example.test","0812-0000-0201","PT Contoh Impor","manual_import","active","explicit","2026-01-15T10:00:00.000Z","2026-01-15T10:00:00.000Z"
"Wahyu Contoh","wahyu.contoh@example.test","0812-0000-0101","","whatsapp_lead","active","unknown","2026-01-15T10:00:00.000Z","2026-01-15T10:00:00.000Z"
"Budi Contoh","budi.contoh01@example.test","0812-0000-0001","PT Contoh Maju","inquiry","active","implied","2026-01-15T10:00:00.000Z","2026-01-15T10:00:00.000Z"
